﻿<comboBoxData>
	<item>
		<lable>Video Links</lable>
		<link>null</link>
	</item>
	<item>
		<lable>Square Roots</lable>
		<link>http://www.cosmeo.com/videoTitle.cfm?&nodeid=&guidAssetId=46D0DEA0-76D7-47BD-A4AC-F9D7CC998202</link>
	</item>
	<item>
		<lable>Roots</lable>		<link>http://www.cosmeo.com/videoTitle.cfm?&nodeid=&guidAssetId=46D0DEA0-76D7-47BD-A4AC-F9D7CC998202</link>
	</item>	
	<item>
		<lable>Roots and Squares</lable>		<link>http://www.cosmeo.com/videoTitle.cfm?&nodeid=&guidAssetId=4E4902FE-35A5-4FB8-A607-CAD97D16F1FB</link>
	</item>	
</comboBoxData>